Fecha reserva,Título,Orden
Wed Oct 08 2025 00:00:00 GMT-0300 (hora estándar de Argentina),,
Sat Nov 01 2025 00:00:00 GMT-0300 (hora estándar de Argentina),,
Wed Oct 08 2025 00:00:00 GMT-0300 (hora estándar de Argentina),,
Wed Oct 08 2025 00:00:00 GMT-0300 (hora estándar de Argentina),,
Sun Nov 23 2025 00:00:00 GMT-0300 (hora estándar de Argentina),,
Sun Nov 30 2025 00:00:00 GMT-0300 (hora estándar de Argentina),,
Sun Nov 30 2025 00:00:00 GMT-0300 (hora estándar de Argentina),,
Sun Nov 30 2025 00:00:00 GMT-0300 (hora estándar de Argentina),,
Sun Nov 30 2025 00:00:00 GMT-0300 (hora estándar de Argentina),,
Sun Nov 30 2025 00:00:00 GMT-0300 (hora estándar de Argentina),,
Sun Nov 30 2025 00:00:00 GMT-0300 (hora estándar de Argentina),,
Sun Nov 30 2025 00:00:00 GMT-0300 (hora estándar de Argentina),,
Tue Nov 18 2025 00:00:00 GMT-0300 (hora estándar de Argentina),,
Mon Nov 17 2025 00:00:00 GMT-0300 (hora estándar de Argentina),,
Mon Nov 17 2025 00:00:00 GMT-0300 (hora estándar de Argentina),,
Tue Nov 25 2025 00:00:00 GMT-0300 (hora estándar de Argentina),,
Tue Nov 25 2025 00:00:00 GMT-0300 (hora estándar de Argentina),,
Tue Nov 25 2025 00:00:00 GMT-0300 (hora estándar de Argentina),,
Tue Nov 25 2025 00:00:00 GMT-0300 (hora estándar de Argentina),,
Tue Nov 25 2025 00:00:00 GMT-0300 (hora estándar de Argentina),,
Tue Nov 25 2025 00:00:00 GMT-0300 (hora estándar de Argentina),,
Tue Nov 25 2025 00:00:00 GMT-0300 (hora estándar de Argentina),,
Tue Nov 25 2025 00:00:00 GMT-0300 (hora estándar de Argentina),,
Tue Nov 25 2025 00:00:00 GMT-0300 (hora estándar de Argentina),,
Tue Nov 25 2025 00:00:00 GMT-0300 (hora estándar de Argentina),,
Tue Nov 25 2025 00:00:00 GMT-0300 (hora estándar de Argentina),,
Mon Dec 15 2025 00:00:00 GMT-0300 (hora estándar de Argentina),,
Sun Nov 23 2025 00:00:00 GMT-0300 (hora estándar de Argentina),,
Wed Dec 10 2025 00:00:00 GMT-0300 (hora estándar de Argentina),,
Mon Dec 15 2025 00:00:00 GMT-0300 (hora estándar de Argentina),,
Mon Dec 15 2025 00:00:00 GMT-0300 (hora estándar de Argentina),,
Tue Nov 18 2025 00:00:00 GMT-0300 (hora estándar de Argentina),,
Thu Nov 20 2025 00:00:00 GMT-0300 (hora estándar de Argentina),,
Thu Nov 20 2025 00:00:00 GMT-0300 (hora estándar de Argentina),,
Thu Nov 27 2025 00:00:00 GMT-0300 (hora estándar de Argentina),,
Thu Nov 27 2025 00:00:00 GMT-0300 (hora estándar de Argentina),,
Tue Nov 25 2025 00:00:00 GMT-0300 (hora estándar de Argentina),,
Sun Nov 30 2025 00:00:00 GMT-0300 (hora estándar de Argentina),,
Mon Dec 08 2025 00:00:00 GMT-0300 (hora estándar de Argentina),,
Mon Dec 15 2025 00:00:00 GMT-0300 (hora estándar de Argentina),,
